USE ToysForBabys;

INSERT INTO Categories (Name) VALUES
('Soft Toys'), ('Building Sets'), ('Educational Toys'), ('Bath Toys'), ('Wooden Toys'),
('Musical Instruments'), ('Puzzles and Brain Teasers'), ('Vehicles (Cars, Trains)'), ('Dolls and Accessories'), ('Outdoor Toys'),
('Action Figures'), ('Board Games'), ('Remote Control Toys'), ('Arts and Crafts'), ('Stuffed Animals'),
('Science Kits'), ('Sports Toys'), ('Learning Tablets'), ('Play Kitchens'), ('Tool Sets'),
('Animal Figures'), ('Play Tents'), ('Marbles'), ('Card Games'), ('Plush Puppets'),
('Magnetic Toys'), ('Stacking Toys'), ('Toy Soldiers'), ('Building Blocks'), ('Dress Up'),
('Toy Robots'), ('Electronic Toys'), ('Water Toys'), ('Sandbox Toys'), ('Race Tracks'),
('Train Sets'), ('Miniature Houses'), ('Toy Instruments'), ('Costume Accessories'), ('Dollhouses'),
('Toy Cars'), ('Model Airplanes'), ('Toy Guns'), ('Finger Puppets'), ('Balance Bikes'),
('Ride-On Toys'), ('Building Robots'), ('Play Dough'), ('Science Experiments'), ('Glow Toys'),
('Kinetic Sand'), ('Light-Up Toys'), ('Toy Tools'), ('Pretend Play Sets'), ('Toy Phones'),
('Magic Kits'), ('Solar Toys'), ('Wooden Puzzles'), ('Stacking Rings'), ('Bath Crayons'),
('Musical Mobiles'), ('Toy Cameras'), ('Interactive Books'), ('Stuffed Monsters'), ('Activity Cubes'),
('Mini Figures'), ('Play Cash Registers'), ('Toy Animals'), ('Bubble Toys'), ('Toy Boats'),
('Toy Trucks'), ('Jigsaw Puzzles'), ('Construction Vehicles'), ('Educational Tablets'), ('Toy Planes'),
('Robotic Pets'), ('Toy Trains'), ('Toy Kitchen Appliances'), ('Building Toys'), ('Playsets'),
('Toy Jewelry'), ('Marble Runs'), ('Electronic Pets'), ('Pretend Food'), ('Toy Dinosaurs'),
('Educational Cards'), ('Creative Kits'), ('Puzzle Boards'), ('Musical Toys'),
('Stacking Cups'), ('Toy Race Cars'), ('Dress-Up Costumes'), ('Remote Cars'),
('Interactive Toys'), ('Soft Dolls'), ('Craft Kits'), ('Toy Pets'), ('Wooden Trains'),
('Toy Kitchens'), ('Pretend Tools'), ('Toy Puzzles');

INSERT INTO Item (Name, CategoryID, Description, Price, Stock) VALUES
('Cuddly Teddy Bear', 1, 'Soft and fluffy teddy bear for kids', 19.99, 50),
('Building Blocks Set', 2, 'Colorful wooden building blocks', 29.99, 100),
('Alphabet Puzzle', 3, 'Educational puzzle with alphabet letters', 14.50, 200),
('Duck Bath Toy', 4, 'Yellow rubber duck for bath time fun', 7.99, 150),
('Wooden Train', 5, 'Classic wooden train set', 39.99, 75),
('Mini Piano', 6, 'Small musical instrument for toddlers', 24.99, 60),
('Brain Teaser Puzzle', 7, 'Challenging puzzle for kids and adults', 12.99, 120),
('Remote Control Car', 8, 'Fast and durable RC car', 49.99, 30),
('Doll with Accessories', 9, 'Fashion doll with clothes and shoes', 34.99, 80),
('Jump Rope', 10, 'Outdoor jump rope with comfortable handles', 9.99, 100),
('Action Figure Hero', 11, 'Superhero action figure with movable parts', 15.99, 90),
('Family Board Game', 12, 'Fun board game for the whole family', 25.00, 40),
('RC Helicopter', 13, 'Remote controlled helicopter with lights', 59.99, 20),
('Coloring Kit', 14, 'Complete arts and crafts coloring set', 18.50, 150),
('Stuffed Bunny', 15, 'Soft plush bunny toy', 22.99, 70),
('Science Experiment Kit', 16, 'Learn basic chemistry with fun experiments', 35.00, 40),
('Soccer Ball', 17, 'Standard size soccer ball for kids', 14.99, 50),
('Learning Tablet', 18, 'Tablet with educational games for toddlers', 79.99, 25),
('Play Kitchen Set', 19, 'Miniature kitchen with utensils', 89.99, 15),
('Toy Tool Set', 20, 'Plastic tool set for pretend play', 19.99, 60),
('Animal Figurines Set', 21, 'Set of 10 miniature animal figures', 12.00, 120),
('Kids Play Tent', 22, 'Indoor play tent with fun designs', 39.99, 30),
('Glass Marbles', 23, 'Set of 50 colorful marbles', 10.00, 200),
('Card Game Pack', 24, 'Deck of cards with classic games', 7.50, 150),
('Plush Puppet', 25, 'Hand puppet for imaginative play', 14.99, 80),
('Magnetic Building Blocks', 26, 'Magnetic construction toy set', 49.99, 70),
('Stacking Rings', 27, 'Colorful stacking rings for toddlers', 15.99, 100),
('Toy Soldiers Pack', 28, 'Set of 12 plastic toy soldiers', 9.99, 150),
('Building Block Set', 29, 'Plastic building blocks for creative play', 34.99, 90),
('Princess Dress-Up', 30, 'Costume dress for pretend play', 24.99, 40),
('Toy Robot', 31, 'Interactive robot toy with sounds', 59.99, 25),
('Electronic Learning Toy', 32, 'Toy with buttons and learning games', 29.99, 80),
('Water Gun', 33, 'Water pistol for outdoor fun', 14.99, 70),
('Sandbox Toy Set', 34, 'Set includes bucket, shovel, and molds', 19.99, 60),
('Race Track Set', 35, 'Track and cars for racing games', 49.99, 30),
('Wooden Train Set', 36, 'Classic train tracks and train pieces', 45.00, 40),
('Miniature Dollhouse', 37, 'Tiny dollhouse with furniture', 79.99, 15),
('Toy Drum', 38, 'Musical drum for kids', 22.99, 60),
('Costume Accessories', 39, 'Set of hats and masks', 14.99, 70),
('Dollhouse Furniture', 40, 'Furniture set for dollhouses', 29.99, 50),
('Toy Car Set', 41, 'Pack of 5 die-cast cars', 24.99, 90),
('Model Airplane', 42, 'Plastic model airplane kit', 39.99, 40),
('Toy Water Pistol', 43, 'Colorful water gun', 9.99, 100),
('Finger Puppets Set', 44, 'Set of 10 finger puppets', 19.99, 75),
('Balance Bike', 45, 'Bike for toddlers learning to ride', 99.99, 20),
('Ride-On Car', 46, 'Battery powered ride-on car', 150.00, 10),
('Build Your Robot Kit', 47, 'DIY robot building set', 69.99, 30),
('Play Dough Set', 48, 'Non-toxic modeling clay set', 14.99, 100),
('Science Kit - Chemistry', 49, 'Basic chemistry experiments', 34.99, 25),
('Glow Stick Pack', 50, 'Set of 20 glow sticks', 9.99, 200),
('Kinetic Sand', 51, 'Sand that sticks together for molding', 19.99, 50),
('Light-Up Toy Wand', 52, 'Glowing wand toy for kids', 12.99, 70),
('Toy Tool Kit', 53, 'Pretend play tool kit', 29.99, 60),
('Pretend Play Food Set', 54, 'Plastic food items for role play', 34.99, 40),
('Toy Phone', 55, 'Pretend smartphone toy', 14.99, 80),
('Magic Trick Set', 56, 'Basic magic tricks for kids', 24.99, 30),
('Solar Powered Toy Car', 57, 'Eco-friendly solar toy car', 29.99, 50),
('Wooden Puzzle', 58, 'Colorful wooden puzzle pieces', 19.99, 80),
('Stacking Ring Toy', 59, 'Classic toddler stacking toy', 12.99, 120),
('Bath Crayon Set', 60, 'Washable crayons for bath fun', 9.99, 100),
('Musical Mobile', 61, 'Crib mobile with music', 39.99, 30),
('Toy Camera', 62, 'Plastic toy camera with shutter', 14.99, 70),
('Interactive Story Book', 63, 'Book with sounds and lights', 24.99, 50),
('Stuffed Monster Toy', 64, 'Cute plush monster', 22.99, 60),
('Activity Cube', 65, 'Multi-activity toy cube', 34.99, 40),
('Mini Figure Set', 66, 'Set of small collectible figures', 19.99, 80),
('Play Cash Register', 67, 'Toy cash register with buttons', 29.99, 30),
('Toy Animal Set', 68, 'Set of plastic animals', 24.99, 70),
('Bubble Machine', 69, 'Automatic bubble blower toy', 39.99, 20),
('Toy Boat', 70, 'Floating toy boat', 19.99, 50),
('Toy Truck', 71, 'Die-cast toy truck', 29.99, 60),
('Jigsaw Puzzle 100pcs', 72, 'Colorful 100-piece puzzle', 14.99, 80),
('Construction Vehicle Toy', 73, 'Plastic construction vehicles', 24.99, 40),
('Educational Tablet', 74, 'Tablet with learning apps', 89.99, 25),
('Toy Airplane', 75, 'Model airplane toy', 19.99, 70),
('Robotic Pet', 76, 'Interactive robot pet', 49.99, 30),
('Toy Train', 77, 'Model train with tracks', 59.99, 20),
('Toy Kitchen Appliances', 78, 'Mini kitchen appliance toys', 34.99, 50),
('Building Toy Set', 79, 'Creative building blocks', 29.99, 90),
('Playset Castle', 80, 'Medieval castle playset', 59.99, 20),
('Toy Jewelry Set', 81, 'Plastic rings and necklaces', 14.99, 70),
('Marble Run', 82, 'Track and marble set', 49.99, 40),
('Electronic Pet Toy', 83, 'Battery operated pet toy', 39.99, 30),
('Pretend Food Basket', 84, 'Set of plastic fruits and veggies', 24.99, 60),
('Toy Dinosaur', 85, 'Realistic dinosaur figure', 19.99, 70),
('Educational Flash Cards', 86, 'Set of alphabet flashcards', 9.99, 100),
('Creative Art Kit', 87, 'Craft supplies and tools', 34.99, 50),
('Puzzle Board', 88, 'Wooden puzzle board', 24.99, 40),
('Toy Army Soldiers', 89, 'Set of plastic soldiers', 19.99, 90),
('Musical Toy Set', 90, 'Mini instruments for kids', 29.99, 60),
('Stacking Cups', 91, 'Plastic stacking cups for toddlers', 14.99, 100),
('Toy Race Car', 92, 'Die-cast race car', 19.99, 70),
('Dress-Up Costume', 93, 'Pirate costume for kids', 34.99, 40),
('Toy Camera with Flash', 94, 'Toy camera with flash lights', 19.99, 50),
('Remote Control Car', 95, 'Fast remote control car', 59.99, 30),
('Interactive Learning Toy', 96, 'Toy with educational activities', 29.99, 80),
('Soft Doll', 97, 'Plush doll for children', 24.99, 60),
('Craft Kit', 98, 'Supplies for creative projects', 19.99, 50),
('Toy Pet Dog', 99, 'Soft toy dog with sounds', 29.99, 40),
('Wooden Train Tracks', 100, 'Wooden tracks for train sets', 39.99, 30);

INSERT INTO Clients (FirstName, LastName, Contacts, Email) VALUES
('John', 'Smith', '+1-555-001-0001', 'john.smith1@example.com'),
('Emma', 'Johnson', '+1-555-001-0002', 'emma.johnson2@example.com'),
('Michael', 'Williams', '+1-555-001-0003', 'michael.williams3@example.com'),
('Olivia', 'Brown', '+1-555-001-0004', 'olivia.brown4@example.com'),
('James', 'Jones', '+1-555-001-0005', 'james.jones5@example.com'),
('Isabella', 'Garcia', '+1-555-001-0006', 'isabella.garcia6@example.com'),
('William', 'Martinez', '+1-555-001-0007', 'william.martinez7@example.com'),
('Sophia', 'Rodriguez', '+1-555-001-0008', 'sophia.rodriguez8@example.com'),
('Benjamin', 'Lee', '+1-555-001-0009', 'benjamin.lee9@example.com'),
('Mia', 'Walker', '+1-555-001-0010', 'mia.walker10@example.com'),
('Lucas', 'Hall', '+1-555-001-0011', 'lucas.hall11@example.com'),
('Charlotte', 'Allen', '+1-555-001-0012', 'charlotte.allen12@example.com'),
('Henry', 'Young', '+1-555-001-0013', 'henry.young13@example.com'),
('Amelia', 'Hernandez', '+1-555-001-0014', 'amelia.hernandez14@example.com'),
('Alexander', 'King', '+1-555-001-0015', 'alexander.king15@example.com'),
('Evelyn', 'Wright', '+1-555-001-0016', 'evelyn.wright16@example.com'),
('Daniel', 'Lopez', '+1-555-001-0017', 'daniel.lopez17@example.com'),
('Abigail', 'Hill', '+1-555-001-0018', 'abigail.hill18@example.com'),
('Matthew', 'Scott', '+1-555-001-0019', 'matthew.scott19@example.com'),
('Ella', 'Green', '+1-555-001-0020', 'ella.green20@example.com'),
('Joseph', 'Adams', '+1-555-001-0021', 'joseph.adams21@example.com'),
('Harper', 'Baker', '+1-555-001-0022', 'harper.baker22@example.com'),
('Samuel', 'Gonzalez', '+1-555-001-0023', 'samuel.gonzalez23@example.com'),
('Avery', 'Nelson', '+1-555-001-0024', 'avery.nelson24@example.com'),
('David', 'Carter', '+1-555-001-0025', 'david.carter25@example.com'),
('Scarlett', 'Mitchell', '+1-555-001-0026', 'scarlett.mitchell26@example.com'),
('Andrew', 'Perez', '+1-555-001-0027', 'andrew.perez27@example.com'),
('Grace', 'Roberts', '+1-555-001-0028', 'grace.roberts28@example.com'),
('Joshua', 'Turner', '+1-555-001-0029', 'joshua.turner29@example.com'),
('Chloe', 'Phillips', '+1-555-001-0030', 'chloe.phillips30@example.com'),
('Ethan', 'Campbell', '+1-555-001-0031', 'ethan.campbell31@example.com'),
('Lily', 'Parker', '+1-555-001-0032', 'lily.parker32@example.com'),
('Christopher', 'Evans', '+1-555-001-0033', 'christopher.evans33@example.com'),
('Zoey', 'Edwards', '+1-555-001-0034', 'zoey.edwards34@example.com'),
('Ryan', 'Collins', '+1-555-001-0035', 'ryan.collins35@example.com'),
('Nora', 'Stewart', '+1-555-001-0036', 'nora.stewart36@example.com'),
('Nathan', 'Sanchez', '+1-555-001-0037', 'nathan.sanchez37@example.com'),
('Hazel', 'Morris', '+1-555-001-0038', 'hazel.morris38@example.com'),
('Isaac', 'Rogers', '+1-555-001-0039', 'isaac.rogers39@example.com'),
('Riley', 'Reed', '+1-555-001-0040', 'riley.reed40@example.com');
INSERT INTO Clients (FirstName, LastName, Contacts, Email) VALUES
('John', 'Price', '+10000000061', 'john.price61@example.com'),
('Stella', 'Bennett', '+10000000062', 'stella.bennett62@example.com'),
('Jonathan', 'Wood', '+10000000063', 'jonathan.wood63@example.com'),
('Hannah', 'Barnes', '+10000000064', 'hannah.barnes64@example.com'),
('Charles', 'Ross', '+10000000065', 'charles.ross65@example.com'),
('Maya', 'Henderson', '+10000000066', 'maya.henderson66@example.com'),
('Thomas', 'Coleman', '+10000000067', 'thomas.coleman67@example.com'),
('Leah', 'Jenkins', '+10000000068', 'leah.jenkins68@example.com'),
('Aaron', 'Perry', '+10000000069', 'aaron.perry69@example.com'),
('Audrey', 'Powell', '+10000000070', 'audrey.powell70@example.com'),
('Evan', 'Long', '+10000000071', 'evan.long71@example.com'),
('Claire', 'Patterson', '+10000000072', 'claire.patterson72@example.com'),
('Christian', 'Hughes', '+10000000073', 'christian.hughes73@example.com'),
('Anna', 'Flores', '+10000000074', 'anna.flores74@example.com'),
('Jonathan', 'Washington', '+10000000075', 'jonathan.washington75@example.com'),
('Victoria', 'Butler', '+10000000076', 'victoria.butler76@example.com'),
('Nicholas', 'Simmons', '+10000000077', 'nicholas.simmons77@example.com'),
('Brooklyn', 'Foster', '+10000000078', 'brooklyn.foster78@example.com'),
('Caleb', 'Gonzalez', '+10000000079', 'caleb.gonzalez79@example.com'),
('Lucy', 'Bryant', '+10000000080', 'lucy.bryant80@example.com'),
('Ryan', 'Alexander', '+10000000081', 'ryan.alexander81@example.com'),
('Samantha', 'Russell', '+10000000082', 'samantha.russell82@example.com'),
('Jonathan', 'Griffin', '+10000000083', 'jonathan.griffin83@example.com'),
('Ellie', 'Diaz', '+10000000084', 'ellie.diaz84@example.com'),
('Thomas', 'Hayes', '+10000000085', 'thomas.hayes85@example.com'),
('Natalie', 'Myers', '+10000000086', 'natalie.myers86@example.com'),
('David', 'Ford', '+10000000087', 'david.ford87@example.com'),
('Julia', 'Hamilton', '+10000000088', 'julia.hamilton88@example.com'),
('Joseph', 'Graham', '+10000000089', 'joseph.graham89@example.com'),
('Luna', 'Sullivan', '+10000000090', 'luna.sullivan90@example.com'),
('Anthony', 'Wallace', '+10000000091', 'anthony.wallace91@example.com'),
('Aurora', 'Woods', '+10000000092', 'aurora.woods92@example.com'),
('Andrew', 'West', '+10000000093', 'andrew.west93@example.com'),
('Savannah', 'Cole', '+10000000094', 'savannah.cole94@example.com'),
('Christopher', 'Griffith', '+10000000095', 'christopher.griffith95@example.com'),
('Penelope', 'Harrison', '+10000000096', 'penelope.harrison96@example.com'),
('Hunter', 'Stone', '+10000000097', 'hunter.stone97@example.com'),
('Camila', 'Warren', '+10000000098', 'camila.warren98@example.com'),
('Jack', 'Hart', '+10000000099', 'jack.hart99@example.com'),
('Layla', 'Fox', '+10000000100', 'layla.fox100@example.com');
INSERT INTO Clients (FirstName, LastName, Contacts, Email) VALUES
('Sofia', 'Bryant', '+100001020', 'sofia.bryant@example.com'),
('Ethan', 'Foster', '+100001021', 'ethan.foster@example.com'),
('Madison', 'Hughes', '+100001022', 'madison.hughes@example.com'),
('Jacob', 'Russell', '+100001023', 'jacob.russell@example.com'),
('Aria', 'Ward', '+100001024', 'aria.ward@example.com'),
('Michael', 'Torres', '+100001025', 'michael.torres@example.com'),
('Scarlett', 'Cruz', '+100001026', 'scarlett.cruz@example.com'),
('Daniel', 'Reyes', '+100001027', 'daniel.reyes@example.com'),
('Victoria', 'Morgan', '+100001028', 'victoria.morgan@example.com'),
('Matthew', 'Bell', '+100001029', 'matthew.bell@example.com'),
('Luna', 'Kim', '+100001030', 'luna.kim@example.com'),
('David', 'Jenkins', '+100001031', 'david.jenkins@example.com'),
('Grace', 'Perry', '+100001032', 'grace.perry@example.com'),
('Joseph', 'Powell', '+100001033', 'joseph.powell@example.com'),
('Chloe', 'Long', '+100001034', 'chloe.long@example.com'),
('Samuel', 'Patterson', '+100001035', 'samuel.patterson@example.com'),
('Ella', 'Hughes', '+100001036', 'ella.hughes@example.com'),
('Henry', 'Flores', '+100001037', 'henry.flores@example.com'),
('Aubrey', 'Washington', '+100001038', 'aubrey.washington@example.com'),
('Owen', 'Butler', '+100001039', 'owen.butler@example.com');


INSERT INTO Orders (ClientID, TotalAmount, OrderDate) VALUES
(1, 150.50, '2025-01-15 10:30:00'),
(2, 299.99, '2025-01-16 12:45:00'),
(3, 75.00, '2025-01-17 09:20:00'),
(4, 420.25, '2025-01-18 14:10:00'),
(5, 89.99, '2025-01-19 16:50:00'),
(6, 135.00, '2025-01-20 11:05:00'),
(7, 230.75, '2025-01-21 13:30:00'),
(8, 60.00, '2025-01-22 10:15:00'),
(9, 180.00, '2025-01-23 15:40:00'),
(10, 210.99, '2025-01-24 17:25:00'),
(11, 95.50, '2025-01-25 08:45:00'),
(12, 300.00, '2025-01-26 14:00:00'),
(13, 120.25, '2025-01-27 09:30:00'),
(14, 275.75, '2025-01-28 12:50:00'),
(15, 80.00, '2025-01-29 11:10:00'),
(16, 160.00, '2025-01-30 10:05:00'),
(17, 45.00, '2025-01-31 16:45:00'),
(18, 225.00, '2025-02-01 13:20:00'),
(19, 190.00, '2025-02-02 09:00:00'),
(20, 320.50, '2025-02-03 15:00:00'),
(21, 110.00, '2025-02-04 10:40:00'),
(22, 95.99, '2025-02-05 14:15:00'),
(23, 200.00, '2025-02-06 09:50:00'),
(24, 150.00, '2025-02-07 11:30:00'),
(25, 170.00, '2025-02-08 12:20:00'),
(26, 185.00, '2025-02-09 13:45:00'),
(27, 75.00, '2025-02-10 14:10:00'),
(28, 220.00, '2025-02-11 15:55:00'),
(29, 190.00, '2025-02-12 16:30:00'),
(30, 145.00, '2025-02-13 10:25:00'),
(31, 210.00, '2025-02-14 11:00:00'),
(32, 130.00, '2025-02-15 12:40:00'),
(33, 300.00, '2025-02-16 13:15:00'),
(34, 95.00, '2025-02-17 14:50:00'),
(35, 85.00, '2025-02-18 15:20:00'),
(36, 270.00, '2025-02-19 16:10:00'),
(37, 160.00, '2025-02-20 09:45:00'),
(38, 230.00, '2025-02-21 10:15:00'),
(39, 125.00, '2025-02-22 11:30:00'),
(40, 195.00, '2025-02-23 12:05:00'),
(41, 205.00, '2025-02-24 13:50:00'),
(42, 150.00, '2025-02-25 14:30:00'),
(43, 175.00, '2025-02-26 15:10:00'),
(44, 80.00, '2025-02-27 16:20:00'),
(45, 90.00, '2025-02-28 17:45:00'),
(46, 215.00, '2025-03-01 09:25:00'),
(47, 165.00, '2025-03-02 10:35:00'),
(48, 140.00, '2025-03-03 11:15:00'),
(49, 185.00, '2025-03-04 12:45:00'),
(50, 220.00, '2025-03-05 13:55:00'),
(51, 110.00, '2025-03-06 14:40:00'),
(52, 125.00, '2025-03-07 15:25:00'),
(53, 170.00, '2025-03-08 16:50:00'),
(54, 195.00, '2025-03-09 17:30:00'),
(55, 230.00, '2025-03-10 09:15:00'),
(56, 90.00, '2025-03-11 10:40:00'),
(57, 80.00, '2025-03-12 11:50:00'),
(58, 135.00, '2025-03-13 12:35:00'),
(59, 175.00, '2025-03-14 13:45:00'),
(60, 215.00, '2025-03-15 14:55:00'),
(61, 195.00, '2025-03-16 15:40:00'),
(62, 160.00, '2025-03-17 16:25:00'),
(63, 145.00, '2025-03-18 17:10:00'),
(64, 120.00, '2025-03-19 09:00:00'),
(65, 140.00, '2025-03-20 10:20:00'),
(66, 200.00, '2025-03-21 11:35:00'),
(67, 230.00, '2025-03-22 12:50:00'),
(68, 150.00, '2025-03-23 13:40:00'),
(69, 175.00, '2025-03-24 14:25:00'),
(70, 80.00, '2025-03-25 15:30:00'),
(71, 95.00, '2025-03-26 16:45:00'),
(72, 110.00, '2025-03-27 17:50:00'),
(73, 130.00, '2025-03-28 09:15:00'),
(74, 150.00, '2025-03-29 10:30:00'),
(75, 170.00, '2025-03-30 11:45:00'),
(76, 190.00, '2025-03-31 12:55:00'),
(77, 210.00, '2025-04-01 13:40:00'),
(78, 220.00, '2025-04-02 14:20:00'),
(79, 240.00, '2025-04-03 15:10:00'),
(80, 260.00, '2025-04-04 16:00:00'),
(81, 280.00, '2025-04-05 17:30:00'),
(82, 300.00, '2025-04-06 09:10:00'),
(83, 320.00, '2025-04-07 10:25:00'),
(84, 340.00, '2025-04-08 11:55:00'),
(85, 360.00, '2025-04-09 12:40:00'),
(86, 380.00, '2025-04-10 13:30:00'),
(87, 400.00, '2025-04-11 14:15:00'),
(88, 420.00, '2025-04-12 15:00:00'),
(89, 440.00, '2025-04-13 16:10:00'),
(90, 460.00, '2025-04-14 17:20:00'),
(91, 480.00, '2025-04-15 09:00:00'),
(92, 500.00, '2025-04-16 10:45:00'),
(93, 520.00, '2025-04-17 11:35:00'),
(94, 540.00, '2025-04-18 12:20:00'),
(95, 560.00, '2025-04-19 13:10:00'),
(96, 580.00, '2025-04-20 14:00:00'),
(97, 600.00, '2025-04-21 15:55:00'),
(98, 620.00, '2025-04-22 16:40:00'),
(99, 640.00, '2025-04-23 17:25:00'),
(100, 660.00, '2025-04-24 09:15:00');

INSERT INTO OrderItems (OrderID, ItemID, Quantity, Price) VALUES
(1, 5, 2, 15.00),
(1, 12, 1, 45.00),
(2, 3, 4, 22.50),
(2, 8, 1, 35.00),
(3, 7, 3, 10.00),
(4, 10, 2, 30.00),
(4, 15, 1, 60.00),
(5, 9, 1, 50.00),
(6, 2, 5, 12.00),
(6, 11, 2, 25.00),
(7, 1, 1, 100.00),
(7, 4, 2, 40.00),
(7, 6, 1, 20.00),
(8, 14, 3, 7.50),
(9, 13, 2, 60.00),
(9, 5, 1, 15.00),
(10, 8, 1, 35.00),
(10, 3, 3, 22.50),
(11, 12, 2, 45.00),
(12, 1, 1, 100.00),
(12, 9, 2, 50.00),
(13, 15, 1, 60.00),
(13, 6, 3, 20.00),
(14, 10, 1, 30.00),
(14, 4, 2, 40.00),
(15, 2, 4, 12.00),
(15, 5, 1, 15.00),
(16, 7, 2, 10.00),
(16, 11, 1, 25.00),
(17, 3, 3, 22.50),
(18, 8, 1, 35.00),
(18, 14, 2, 7.50),
(19, 13, 1, 60.00),
(20, 1, 2, 100.00),
(20, 12, 1, 45.00),
(21, 9, 1, 50.00),
(22, 4, 2, 40.00),
(23, 5, 3, 15.00),
(23, 6, 1, 20.00),
(24, 7, 1, 10.00),
(25, 10, 1, 30.00),
(25, 3, 2, 22.50),
(26, 11, 1, 25.00),
(27, 1, 1, 100.00),
(28, 2, 4, 12.00),
(28, 14, 2, 7.50),
(29, 5, 3, 15.00),
(30, 6, 2, 20.00),
(30, 13, 1, 60.00),
(31, 10, 1, 30.00),
(31, 3, 2, 22.50),
(32, 8, 3, 35.00),
(33, 1, 1, 100.00),
(34, 12, 2, 45.00),
(35, 9, 1, 50.00),
(36, 4, 2, 40.00),
(37, 5, 1, 15.00),
(38, 6, 3, 20.00),
(39, 7, 2, 10.00),
(40, 10, 1, 30.00),
(40, 13, 1, 60.00),
(41, 2, 5, 12.00),
(42, 11, 1, 25.00),
(43, 1, 1, 100.00),
(44, 3, 3, 22.50),
(45, 4, 2, 40.00),
(46, 5, 1, 15.00),
(47, 6, 3, 20.00),
(48, 7, 2, 10.00),
(49, 8, 1, 35.00),
(50, 9, 1, 50.00),
(51, 10, 2, 30.00),
(52, 11, 1, 25.00),
(53, 12, 1, 45.00),
(54, 13, 2, 60.00),
(55, 14, 3, 7.50),
(56, 15, 1, 60.00),
(57, 1, 1, 100.00),
(58, 2, 3, 12.00),
(59, 3, 2, 22.50),
(60, 4, 1, 40.00),
(61, 5, 4, 15.00),
(62, 6, 1, 20.00),
(63, 7, 2, 10.00),
(64, 8, 3, 35.00),
(65, 9, 1, 50.00),
(66, 10, 2, 30.00),
(67, 11, 1, 25.00),
(68, 12, 1, 45.00),
(69, 13, 3, 60.00),
(70, 14, 1, 7.50),
(71, 15, 2, 60.00),
(72, 1, 1, 100.00),
(73, 2, 4, 12.00),
(74, 3, 3, 22.50),
(75, 4, 1, 40.00),
(76, 5, 2, 15.00),
(77, 6, 1, 20.00),
(78, 7, 3, 10.00),
(79, 8, 1, 35.00),
(80, 9, 2, 50.00),
(81, 10, 1, 30.00),
(82, 11, 1, 25.00),
(83, 12, 2, 45.00),
(84, 13, 1, 60.00),
(85, 14, 3, 7.50),
(86, 15, 1, 60.00),
(87, 1, 2, 100.00),
(88, 2, 1, 12.00),
(89, 3, 3, 22.50),
(90, 4, 2, 40.00),
(91, 5, 1, 15.00),
(92, 6, 3, 20.00),
(93, 7, 1, 10.00),
(94, 8, 2, 35.00),
(95, 9, 1, 50.00),
(96, 10, 3, 30.00),
(97, 11, 2, 25.00),
(98, 12, 1, 45.00),
(99, 13, 1, 60.00),
(100, 14, 3, 7.50);

INSERT INTO OrderDelivery (OrderID, DeliveryDate)
VALUES
(1, '2025-01-02'),
(2, '2025-01-03'),
(3, '2025-01-04'),
(4, '2025-01-05'),
(5, '2025-01-06'),
(6, '2025-01-07'),
(7, '2025-01-08'),
(8, '2025-01-09'),
(9, '2025-01-10'),
(10, '2025-01-11'),
(11, '2025-01-12'),
(12, '2025-01-13'),
(13, '2025-01-14'),
(14, '2025-01-15'),
(15, '2025-01-16'),
(16, '2025-01-17'),
(17, '2025-01-18'),
(18, '2025-01-19'),
(19, '2025-01-20'),
(20, '2025-01-21'),
(21, '2025-01-22'),
(22, '2025-01-23'),
(23, '2025-01-24'),
(24, '2025-01-25'),
(25, '2025-01-26'),
(26, '2025-01-27'),
(27, '2025-01-28'),
(28, '2025-01-29'),
(29, '2025-01-30'),
(30, '2025-02-01'),
(31, '2025-02-02'),
(32, '2025-02-03'),
(33, '2025-02-04'),
(34, '2025-02-05'),
(35, '2025-02-06'),
(36, '2025-02-07'),
(37, '2025-02-08'),
(38, '2025-02-09'),
(39, '2025-02-10'),
(40, '2025-02-11'),
(41, '2025-02-12'),
(42, '2025-02-13'),
(43, '2025-02-14'),
(44, '2025-02-15'),
(45, '2025-02-16'),
(46, '2025-02-17'),
(47, '2025-02-18'),
(48, '2025-02-19'),
(49, '2025-02-20'),
(50, '2025-02-21'),
(51, '2025-02-22'),
(52, '2025-02-23'),
(53, '2025-02-24'),
(54, '2025-02-25'),
(55, '2025-02-26'),
(56, '2025-02-27'),
(57, '2025-02-28'),
(58, '2025-03-01'),
(59, '2025-03-02'),
(60, '2025-03-03'),
(61, '2025-03-04'),
(62, '2025-03-05'),
(63, '2025-03-06'),
(64, '2025-03-07'),
(65, '2025-03-08'),
(66, '2025-03-09'),
(67, '2025-03-10'),
(68, '2025-03-11'),
(69, '2025-03-12'),
(70, '2025-03-13'),
(71, '2025-03-14'),
(72, '2025-03-15'),
(73, '2025-03-16'),
(74, '2025-03-17'),
(75, '2025-03-18'),
(76, '2025-03-19'),
(77, '2025-03-20'),
(78, '2025-03-21'),
(79, '2025-03-22'),
(80, '2025-03-23'),
(81, '2025-03-24'),
(82, '2025-03-25'),
(83, '2025-03-26'),
(84, '2025-03-27'),
(85, '2025-03-28'),
(86, '2025-03-29'),
(87, '2025-03-30'),
(88, '2025-03-31'),
(89, '2025-04-01'),
(90, '2025-04-02'),
(91, '2025-04-03'),
(92, '2025-04-04'),
(93, '2025-04-05'),
(94, '2025-04-06'),
(95, '2025-04-07'),
(96, '2025-04-08'),
(97, '2025-04-09'),
(98, '2025-04-10'),
(99, '2025-04-11'),
(100, '2025-04-12');

INSERT INTO Suppliers (Name, ContactName, Phone, Email, Address) VALUES
(N'Greenfield Logistics', N'John Anderson', '1234567890', 'john.anderson@greenfield.com', N'45 Baker Street, London, UK'),
(N'Quantum Supplies Ltd.', N'Sarah Thomas', '9876543210', 'sarah.thomas@quantumsupplies.com', N'77 Market Avenue, New York, USA'),
(N'Oceanic Trade Co.', N'Emily Davis', '1122334455', 'emily.davis@oceanictrade.com', N'200 Bayfront Road, Miami, USA'),
(N'Metro Industrial', N'Michael Brown', '5566778899', 'michael.brown@metroindustrial.com', N'180 King Street, Toronto, Canada'),
(N'Skyline Imports', N'Jessica Miller', '6677889900', 'jessica.miller@skylineimports.com', N'99 Hilltop Lane, San Francisco, USA'),
(N'Fusion Wholesale', N'David Wilson', '7771234567', 'david.wilson@fusionwholesale.com', N'310 Elm Street, Chicago, USA'),
(N'Global Direct Ltd.', N'Emma Johnson', '3213213210', 'emma.johnson@globaldirect.com', N'8 Avenue des Champs, Paris, France'),
(N'Ironwood Traders', N'William Martin', '8889990000', 'william.martin@ironwoodtraders.com', N'22 Industrial Blvd, Berlin, Germany'),
(N'Solstice Supplies', N'Olivia Garcia', '6549873210', 'olivia.garcia@solsticesupplies.com', N'123 Maple Drive, Sydney, Australia'),
(N'Pioneer Global', N'James Thompson', '9080706050', 'james.thompson@pioneerglobal.com', N'48 Hudson Street, Boston, USA'),

(N'Sterling Goods Co.', N'Ava Martinez', '6007008009', 'ava.martinez@sterlinggoods.com', N'79 Winding Way, Madrid, Spain'),
(N'Eagle Distribution', N'Benjamin Lee', '1237894560', 'benjamin.lee@eagledist.com', N'13 Queen Street, Vancouver, Canada'),
(N'Falcon Imports', N'Sophia Harris', '4567891230', 'sophia.harris@falconimports.com', N'65 Sunset Blvd, Los Angeles, USA'),
(N'Vega Traders', N'Mason Clark', '2343454567', 'mason.clark@vegatraders.com', N'98 Main Road, Dublin, Ireland'),
(N'Brightway Supply', N'Mia Lewis', '4567001234', 'mia.lewis@brightway.com', N'401 Center Plaza, Rome, Italy'),
(N'Summit Partners', N'Daniel Hall', '8901234567', 'daniel.hall@summitpartners.com', N'300 Ridge Road, Zurich, Switzerland'),
(N'Nova Ventures', N'Charlotte Allen', '5551112233', 'charlotte.allen@novaventures.com', N'7 Tech Park Drive, Austin, USA'),
(N'Helios Distribution', N'Henry Young', '3334445556', 'henry.young@heliosdist.com', N'600 Fifth Avenue, Seattle, USA'),
(N'Orion Global Ltd.', N'Amelia Hernandez', '4445556667', 'amelia.hernandez@orionglobal.com', N'99 Cloud Road, Auckland, New Zealand'),
(N'Apex Logistics', N'Logan King', '7778889991', 'logan.king@apexlogistics.com', N'11 Steel Avenue, Birmingham, UK'),

(N'Zenith Worldwide', N'Ella Wright', '8883332224', 'ella.wright@zenithworldwide.com', N'25 Marina Bay, Singapore'),
(N'Atlas Partners', N'Luke Scott', '1112223333', 'luke.scott@atlaspartners.com', N'340 City Road, Helsinki, Finland'),
(N'Ascend Co.', N'Lily Green', '9998887776', 'lily.green@ascendco.com', N'150 Bridge Street, Amsterdam, Netherlands'),
(N'UrbanEdge Supplies', N'Aiden Baker', '2221110005', 'aiden.baker@urbanedge.com', N'89 Skyline Blvd, Chicago, USA'),
(N'Celestial Trade', N'Grace Adams', '1213141516', 'grace.adams@celestial.com', N'200 Orbit Street, Cape Town, South Africa'),
(N'Prime Distribution', N'Carter Nelson', '1615141312', 'carter.nelson@primedistribution.com', N'72 Industry Park, Warsaw, Poland'),
(N'Emerald Goods', N'Aria Mitchell', '8787878787', 'aria.mitchell@emeraldgoods.com', N'33 Forest Lane, Oslo, Norway'),
(N'Infinity Corp.', N'Jayden Perez', '2324252627', 'jayden.perez@infinitycorp.com', N'17 Innovation Drive, Stockholm, Sweden'),
(N'Velocity Trade', N'Chloe Roberts', '1011121314', 'chloe.roberts@velocitytrade.com', N'98 Express Road, Dubai, UAE'),
(N'Rising Star Inc.', N'Nathan Turner', '3132333435', 'nathan.turner@risingstar.com', N'77 Sunrise Street, Tokyo, Japan'),

(N'Sapphire Logistics', N'Zoe Phillips', '4443332221', 'zoe.phillips@sapphirelogistics.com', N'21 Crystal Avenue, Geneva, Switzerland'),
(N'Ignite Trade Group', N'Christian Campbell', '7878787878', 'christian.campbell@ignitegroup.com', N'38 Innovation Square, Seoul, South Korea'),
(N'Stone bridge Ltd.', N'Aubrey Parker', '6061626364', 'aubrey.parker@stonebridge.com', N'58 City Loop, Copenhagen, Denmark'),
(N'Trinity Global', N'Andrew Evans', '1415161718', 'andrew.evans@trinityglobal.com', N'73 Bridgewater Street, Lisbon, Portugal'),
(N'Titan Supplies', N'Nora Edwards', '8182838485', 'nora.edwards@titano.com', N'401 High Street, Prague, Czech Republic'),
(N'Beacon Trade Co.', N'Eli Collins', '9192939495', 'eli.collins@beacontrade.com', N'501 Beacon Hill, Denver, USA'),
(N'Sparkline Traders', N'Skylar Morris', '5253545556', 'skylar.morris@sparkline.com', N'22 Riverbank Road, Oslo, Norway'),
(N'Lunar Distribution', N'Dominic Rogers', '3031323334', 'dominic.rogers@lunar.com', N'800 Moonlight Street, Vienna, Austria'),
(N'Realise Imports', N'Hailey Cook', '1010101010', 'hailey.cook@borealis.com', N'58 Arctic Circle, Tromp, Norway'),
(N'TrueNorth Supply', N'Carson Bell', '9897969594', 'carson.bell@truenorth.com', N'390 Polar Lane, Reykjavik, Iceland'),

(N'Sea breeze Exporters', N'Leah Griffin', '1112233445', 'leah.griffin@seabreeze.com', N'14 Coastal Drive, Lisbon, Portugal'),
(N'TechnoLink Ltd.', N'Xavier Hayes', '2223344556', 'xavier.hayes@technolink.com', N'99 Silicon Valley, San Jose, USA'),
(N'GrandView Traders', N'Paisley Powell', '3334455667', 'paisley.powell@grandview.com', N'120 Horizon Street, Barcelona, Spain'),
(N'Arrowhead Supply', N'Ezekiel Rivera', '4445566778', 'ezekiel.rivera@arrowhead.com', N'450 Commerce Lane, Munich, Germany'),
(N'Frontier Distribution', N'Kennedy Ward', '5556677889', 'kennedy.ward@frontline.com', N'610 Frontier Avenue, Brussels, Belgium'),
(N'Copper line Exports', N'Miles Torres', '6667788990', 'miles.torres@copperline.com', N'77 Alloy Road, Manchester, UK'),
(N'Vortex Trade Inc.', N'Kylie Peterson', '7778899001', 'kylie.peterson@vortextrade.com', N'890 Speedway Blvd, Detroit, USA'),
(N'Alpine Imports', N'Jace Gray', '8889900112', 'jace.gray@alpineimports.com', N'12 Glacier Street, Innsbruck, Austria'),
(N'Horizon Networks', N'Peyton Ramirez', '9990011223', 'peyton.ramirez@horizonnet.com', N'41 Future Lane, Dublin, Ireland'),
(N'Onyx Suppliers', N'Gianna James', '0001122334', 'gianna.james@onyx.com', N'73 Ebony Road, Zurich, Switzerland'),

(N'Sierra Trade Group', N'Asher Watson', '1112223334', 'asher.watson@sierratrade.com', N'90 Ridgeview Road, Milan, Italy'),
(N'Equinox Partners', N'London Brooks', '1223344556', 'london.brooks@equinox.com', N'56 Sunset Plaza, Los Angeles, USA'),
(N'Polar Distribution', N'Leon Kennedy', '1334455667', 'leon.kennedy@polardist.com', N'300 Arctic Avenue, Helsinki, Finland'),
(N'Crimson Supply Co.', N'Daisy Bennett', '1445566778', 'daisy.bennett@crimson.com', N'85 Crimson Blvd, Lyon, France'),
(N'Summit Trail Traders', N'Jasper Foster', '1556677889', 'jasper.foster@summittrail.com', N'99 Peak Street, Bern, Switzerland'),
(N'Radiant Group', N'Sienna Simmons', '1667788990', 'sienna.simmons@radiant.com', N'20 Radiant Park, Montreal, Canada'),
(N'Blue wave Distribution', N'Braxton Hunter', '1778899001', 'braxton.hunter@bluewave.com', N'55 Oceanview Drive, Auckland, New Zealand'),
(N'TerraNova Suppliers', N'Brooklyn Hayes', '1889900112', 'brooklyn.hayes@terranova.com', N'112 Terra Street, Cape Town, South Africa'),
(N'SunCore Logistics', N'Zion Cooper', '1990011223', 'zion.cooper@suncore.com', N'80 Solar Park, Dubai, UAE'),
(N'Everest Trade Inc.', N'Mackenzie Morgan', '2001122334', 'mackenzie.morgan@everest.com', N'67 Mountain View, Kathmandu, Nepal'),

(N'NextGen Traders', N'Juan Ortiz', '2112233445', 'juan.ortiz@nextgen.com', N'450 Innovation Blvd, San Diego, USA'),
(N'Prism Wholesale', N'Melanie Murphy', '22233445656', 'melanie.murphy@prism.com', N'94 Light Street, Prague, Czech Republic'),
(N'IronPeak Supply', N'Silas Bailey', '2334455667', 'silas.bailey@ironpeak.com', N'88 Steel Valley, Glasgow, UK'),
(N'Stone Ridge Co.', N'Valentina Flores', '2445566778', 'valentina.flores@stoneridge.com', N'47 Ridge Drive, Malaga, Spain'),
(N'Lamina Global', N'Emmanuel Jenkins', '2556677889', 'emmanuel.jenkins@lumina.com', N'202 Glow Road, Toronto, Canada'),
(N'Cascade Imports', N'Madeline Chavez', '2667788990', 'madeline.chavez@cascade.com', N'300 Cascade Blvd, Vancouver, Canada'),
(N'Orbital Partners', N'Jonah Ford', '2778899001', 'jonah.ford@orbital.com', N'12 Orbit Plaza, Tokyo, Japan'),
(N'TechSphere Co.', N'Blake Gonzalez', '2889900112', 'blake.gonzalez@techsphere.com', N'420 Cyber Street, San Francisco, USA'),
(N'Pathway Traders', N'Izabella Bryant', '2990011223', 'izabella.bryant@pathway.com', N'98 Trade Lane, Liverpool, UK'),
(N'Mirage Supply Inc.', N'Ryder Hamilton', '3001122334', 'ryder.hamilton@mirage.com', N'52 Mirage Lane, Doha, Qatar'),

(N'SummitEdge Logistics', N'Madalyn Graham', '3112233445', 'adalynn.graham@summitedge.com', N'700 Trail Street, Melbourne, Australia'),
(N'Wind crest Traders', N'Gael West', '3223344556', 'gael.west@windcrest.com', N'44 Crest Hill, Paris, France'),
(N'Bridge way Partners', N'Camille Cole', '33344556675', 'camille.cole@bridgeway.com', N'62 Bridge Road, Brutes, Belgium'),
(N'Elevate Distribution', N'Fernando Ortiz', '3445566778', 'fernando.ortiz@elevate.com', N'119 Elevation Plaza, Zurich, Switzerland'),
(N'Frost line Supply', N'Kayleigh Holland', '3556677889', 'kayleigh.holland@frostline.com', N'80 Winter Road, Nuuk, Greenland'),
(N'Aether Imports', N'Zander Burke', '3667788990', 'zander.burke@aether.com', N'305 Sky view Drive, Vienna, Austria'),
(N'RidgeRock Group', N'Talia Richards', '3778899001', 'talia.richards@ridgerock.com', N'75 Rock Street, Frankfurt, Germany'),
(N'NovaEdge Traders', N'Kaiden Stevens', '3889900112', 'kaden.stevens@novaedge.com', N'188 Edge way, Sofia, Bulgaria'),
(N'Solar Supply Co.', N'Miracle Webb', '3990011223', 'miracle.webb@solara.com', N'530 Solar City, Madrid, Spain'),
(N'IronGate Logistics', N'Marcos Banks', '4001122334', 'marcos.banks@irongate.com', N'61 Fortress Road, Edinburgh, UK');

INSERT INTO Supplies (SupplierID, ItemID, SupplyPrice, LastDeliveryDate) VALUES
(1, 1, 100.00, '2025-01-01'),
(2, 2, 101.00, '2025-01-02'),
(3, 3, 102.00, '2025-01-03'),
(4, 4, 103.00, '2025-01-04'),
(5, 5, 104.00, '2025-01-05'),
(6, 6, 105.00, '2025-01-06'),
(7, 7, 106.00, '2025-01-07'),
(8, 8, 107.00, '2025-01-08'),
(9, 9, 108.00, '2025-01-09'),
(10, 10, 109.00, '2025-01-10'),
(11, 11, 110.00, '2025-01-11'),
(12, 12, 111.00, '2025-01-12'),
(13, 13, 112.00, '2025-01-13'),
(14, 14, 113.00, '2025-01-14'),
(15, 15, 114.00, '2025-01-15'),
(16, 16, 115.00, '2025-01-16'),
(17, 17, 116.00, '2025-01-17'),
(18, 18, 117.00, '2025-01-18'),
(19, 19, 118.00, '2025-01-19'),
(20, 20, 119.00, '2025-01-20'),
(21, 21, 120.00, '2025-01-21'),
(22, 22, 121.00, '2025-01-22'),
(23, 23, 122.00, '2025-01-23'),
(24, 24, 123.00, '2025-01-24'),
(25, 25, 124.00, '2025-01-25'),
(26, 26, 125.00, '2025-01-26'),
(27, 27, 126.00, '2025-01-27'),
(28, 28, 127.00, '2025-01-28'),
(29, 29, 128.00, '2025-01-29'),
(30, 30, 129.00, '2025-01-30'),
(31, 31, 130.00, '2025-01-31'),
(32, 32, 131.00, '2025-02-01'),
(33, 33, 132.00, '2025-02-02'),
(34, 34, 133.00, '2025-02-03'),
(35, 35, 134.00, '2025-02-04'),
(36, 36, 135.00, '2025-02-05'),
(37, 37, 136.00, '2025-02-06'),
(38, 38, 137.00, '2025-02-07'),
(39, 39, 138.00, '2025-02-08'),
(40, 40, 139.00, '2025-02-09'),
(41, 41, 140.00, '2025-02-10'),
(42, 42, 141.00, '2025-02-11'),
(43, 43, 142.00, '2025-02-12'),
(44, 44, 143.00, '2025-02-13'),
(45, 45, 144.00, '2025-02-14'),
(46, 46, 145.00, '2025-02-15'),
(47, 47, 146.00, '2025-02-16'),
(48, 48, 147.00, '2025-02-17'),
(49, 49, 148.00, '2025-02-18'),
(50, 50, 149.00, '2025-02-19'),
(51, 51, 150.00, '2025-02-20'),
(52, 52, 151.00, '2025-02-21'),
(53, 53, 152.00, '2025-02-22'),
(54, 54, 153.00, '2025-02-23'),
(55, 55, 154.00, '2025-02-24'),
(56, 56, 155.00, '2025-02-25'),
(57, 57, 156.00, '2025-02-26'),
(58, 58, 157.00, '2025-02-27'),
(59, 59, 158.00, '2025-02-28'),
(60, 60, 159.00, '2025-03-01'),
(61, 61, 160.00, '2025-03-02'),
(62, 62, 161.00, '2025-03-03'),
(63, 63, 162.00, '2025-03-04'),
(64, 64, 163.00, '2025-03-05'),
(65, 65, 164.00, '2025-03-06'),
(66, 66, 165.00, '2025-03-07'),
(67, 67, 166.00, '2025-03-08'),
(68, 68, 167.00, '2025-03-09'),
(69, 69, 168.00, '2025-03-10'),
(70, 70, 169.00, '2025-03-11'),
(71, 71, 170.00, '2025-03-12'),
(72, 72, 171.00, '2025-03-13'),
(73, 73, 172.00, '2025-03-14'),
(74, 74, 173.00, '2025-03-15'),
(75, 75, 174.00, '2025-03-16'),
(76, 76, 175.00, '2025-03-17'),
(77, 77, 176.00, '2025-03-18'),
(78, 78, 177.00, '2025-03-19'),
(79, 79, 178.00, '2025-03-20'),
(80, 80, 179.00, '2025-03-21'),
(1, 81, 180.00, '2025-03-22'),
(2, 82, 181.00, '2025-03-23'),
(3, 83, 182.00, '2025-03-24'),
(4, 84, 183.00, '2025-03-25'),
(5, 85, 184.00, '2025-03-26'),
(6, 86, 185.00, '2025-03-27'),
(7, 87, 186.00, '2025-03-28'),
(8, 88, 187.00, '2025-03-29'),
(9, 89, 188.00, '2025-03-30'),
(10, 90, 189.00, '2025-03-31'),
(11, 91, 190.00, '2025-04-01'),
(12, 92, 191.00, '2025-04-02'),
(13, 93, 192.00, '2025-04-03'),
(14, 94, 193.00, '2025-04-04'),
(15, 95, 194.00, '2025-04-05'),
(16, 96, 195.00, '2025-04-06'),
(17, 97, 196.00, '2025-04-07'),
(18, 98, 197.00, '2025-04-08'),
(19, 99, 198.00, '2025-04-09'),
(20, 100, 199.00, '2025-04-10');

INSERT INTO Employees (FirstName, LastName, Position, HireDate, Phone, Email) VALUES
(N'James', N'Smith', N'Store Manager', '2023-01-15', '555-123-4567', 'james.smith@toysforbabys.com'),
(N'Emily', N'Johnson', N'Sales Associate', '2022-11-10', '555-234-5678', 'emily.johnson@toysforbabys.com'),
(N'Michael', N'Brown', N'Inventory Specialist', '2023-03-20', '555-345-6789', 'michael.brown@toysforbabys.com'),
(N'Jessica', N'Davis', N'Customer Service', '2021-08-05', '555-456-7890', 'jessica.davis@toysforbabys.com'),
(N'David', N'Miller', N'Cashier', '2022-06-18', '555-567-8901', 'david.miller@toysforbabys.com'),
(N'Sarah', N'Wilson', N'Marketing Coordinator', '2023-02-14', '555-678-9012', 'sarah.wilson@toysforbabys.com'),
(N'Robert', N'Moore', N'Warehouse Manager', '2021-09-23', '555-789-0123', 'robert.moore@toysforbabys.com'),
(N'Laura', N'Taylor', N'Sales Associate', '2022-04-12', '555-890-1234', 'laura.taylor@toysforbabys.com'),
(N'James', N'Anderson', N'Inventory Clerk', '2023-05-01', '555-901-2345', 'james.anderson@toysforbabys.com'),
(N'Linda', N'Thomas', N'Customer Service', '2022-12-07', '555-012-3456', 'linda.thomas@toysforbabys.com'),
(N'William', N'Jackson', N'Cashier', '2023-01-30', '555-123-4568', 'william.jackson@toysforbabys.com'),
(N'Patricia', N'White', N'Marketing Assistant', '2021-07-14', '555-234-5679', 'patricia.white@toysforbabys.com'),
(N'Charles', N'Harris', N'Stock Clerk', '2022-09-19', '555-345-6780', 'charles.harris@toysforbabys.com'),
(N'Barbara', N'Martin', N'Sales Manager', '2023-04-05', '555-456-7891', 'barbara.martin@toysforbabys.com'),
(N'Joseph', N'Garcia', N'Warehouse Worker', '2022-08-22', '555-567-8902', 'joseph.garcia@toysforbabys.com'),
(N'Jennifer', N'Clark', N'Customer Service', '2023-03-11', '555-678-9013', 'jennifer.clark@toysforbabys.com'),
(N'Thomas', N'Rodriguez', N'Sales Associate', '2021-11-30', '555-789-0124', 'thomas.rodriguez@toysforbabys.com'),
(N'Elizabeth', N'Lewis', N'Inventory Specialist', '2022-10-09', '555-890-1235', 'elizabeth.lewis@toysforbabys.com'),
(N'Daniel', N'Lee', N'Cashier', '2023-02-27', '555-901-2346', 'daniel.lee@toysforbabys.com'),
(N'Susan', N'Walker', N'Marketing Coordinator', '2022-07-25', '555-012-3457', 'susan.walker@toysforbabys.com');

INSERT INTO Warehouses (Name, Location, Phone) VALUES
(N'Toys Warehouse A', N'123 Toy Street, New York, USA', '555-100-0001'),
(N'Toys Warehouse B', N'456 Play Avenue, Los Angeles, USA', '555-100-0002'),
(N'Toys Warehouse C', N'789 Fun Blvd, Chicago, USA', '555-100-0003'),
(N'Toys Warehouse D', N'101 Joy Road, Houston, USA', '555-100-0004'),
(N'Toys Warehouse E', N'202 Happy Lane, Phoenix, USA', '555-100-0005'),
(N'Toys Warehouse F', N'303 Smile St, Philadelphia, USA', '555-100-0006'),
(N'Toys Warehouse G', N'404 Laugh Ave, San Antonio, USA', '555-100-0007'),
(N'Toys Warehouse H', N'505 Cheer Blvd, San Diego, USA', '555-100-0008'),
(N'Toys Warehouse I', N'606 Glow Rd, Dallas, USA', '555-100-0009'),
(N'Toys Warehouse J', N'707 Sparkle St, San Jose, USA', '555-100-0010'),
(N'Toys Warehouse K', N'808 Shine Ave, Austin, USA', '555-100-0011'),
(N'Toys Warehouse L', N'909 Beam Blvd, Jacksonville, USA', '555-100-0012'),
(N'Toys Warehouse M', N'100 Joyful Rd, Fort Worth, USA', '555-100-0013'),
(N'Toys Warehouse N', N'111 Happy St, Columbus, USA', '555-100-0014'),
(N'Toys Warehouse O', N'222 Fun Ave, Charlotte, USA', '555-100-0015'),
(N'Toys Warehouse P', N'333 Smile Blvd, San Francisco, USA', '555-100-0016'),
(N'Toys Warehouse Q', N'444 Laugh Rd, Indianapolis, USA', '555-100-0017'),
(N'Toys Warehouse R', N'555 Cheer St, Seattle, USA', '555-100-0018'),
(N'Toys Warehouse S', N'666 Glow Ave, Denver, USA', '555-100-0019'),
(N'Toys Warehouse T', N'777 Sparkle Blvd, Washington, USA', '555-100-0020'),
(N'Toys Warehouse U', N'888 Shine Rd, Boston, USA', '555-100-0021'),
(N'Toys Warehouse V', N'999 Beam St, El Paso, USA', '555-100-0022'),
(N'Toys Warehouse W', N'1010 Joy Ave, Detroit, USA', '555-100-0023'),
(N'Toys Warehouse X', N'1111 Happy Blvd, Nashville, USA', '555-100-0024'),
(N'Toys Warehouse Y', N'1212 Fun Rd, Memphis, USA', '555-100-0025'),
(N'Toys Warehouse Z', N'1313 Smile St, Portland, USA', '555-100-0026'),
(N'Toys Warehouse AA', N'1414 Laugh Ave, Oklahoma City, USA', '555-100-0027'),
(N'Toys Warehouse AB', N'1515 Cheer Blvd, Las Vegas, USA', '555-100-0028'),
(N'Toys Warehouse AC', N'1616 Glow Rd, Louisville, USA', '555-100-0029'),
(N'Toys Warehouse AD', N'1717 Sparkle St, Baltimore, USA', '555-100-0030'),
(N'Toys Warehouse AE', N'1818 Shine Ave, Milwaukee, USA', '555-100-0031'),
(N'Toys Warehouse AF', N'1919 Beam Blvd, Albuquerque, USA', '555-100-0032'),
(N'Toys Warehouse AG', N'2020 Joy Rd, Tucson, USA', '555-100-0033'),
(N'Toys Warehouse AH', N'2121 Happy St, Fresno, USA', '555-100-0034'),
(N'Toys Warehouse AI', N'2222 Fun Ave, Mesa, USA', '555-100-0035'),
(N'Toys Warehouse AJ', N'2323 Smile Blvd, Sacramento, USA', '555-100-0036'),
(N'Toys Warehouse AK', N'2424 Laugh Rd, Atlanta, USA', '555-100-0037'),
(N'Toys Warehouse AL', N'2525 Cheer St, Kansas City, USA', '555-100-0038'),
(N'Toys Warehouse AM', N'2626 Glow Ave, Colorado Springs, USA', '555-100-0039'),
(N'Toys Warehouse AN', N'2727 Sparkle Blvd, Miami, USA', '555-100-0040'),
(N'Toys Warehouse AO', N'2828 Shine Rd, Raleigh, USA', '555-100-0041'),
(N'Toys Warehouse AP', N'2929 Beam St, Omaha, USA', '555-100-0042'),
(N'Toys Warehouse AQ', N'3030 Joy Ave, Long Beach, USA', '555-100-0043'),
(N'Toys Warehouse AR', N'3131 Happy Blvd, Virginia Beach, USA', '555-100-0044'),
(N'Toys Warehouse AS', N'3232 Fun Rd, Oakland, USA', '555-100-0045'),
(N'Toys Warehouse AT', N'3333 Smile St, Minneapolis, USA', '555-100-0046'),
(N'Toys Warehouse AU', N'3434 Laugh Ave, Tulsa, USA', '555-100-0047'),
(N'Toys Warehouse AV', N'3535 Cheer Blvd, Arlington, USA', '555-100-0048'),
(N'Toys Warehouse AW', N'3636 Glow Rd, New Orleans, USA', '555-100-0049'),
(N'Toys Warehouse AX', N'3737 Sparkle St, Wichita, USA', '555-100-0050'),
(N'Toys Warehouse AY', N'3838 Shine Ave, Cleveland, USA', '555-100-0051'),
(N'Toys Warehouse AZ', N'3939 Beam Blvd, Tampa, USA', '555-100-0052'),
(N'Toys Warehouse BA', N'4040 Joy Rd, Bakersfield, USA', '555-100-0053'),
(N'Toys Warehouse BB', N'4141 Happy St, Aurora, USA', '555-100-0054'),
(N'Toys Warehouse BC', N'4242 Fun Ave, Anaheim, USA', '555-100-0055'),
(N'Toys Warehouse BD', N'4343 Smile Blvd, Honolulu, USA', '555-100-0056'),
(N'Toys Warehouse BE', N'4444 Laugh Rd, Santa Ana, USA', '555-100-0057'),
(N'Toys Warehouse BF', N'4545 Cheer St, Riverside, USA', '555-100-0058'),
(N'Toys Warehouse BG', N'4646 Glow Ave, Corpus Christi, USA', '555-100-0059'),
(N'Toys Warehouse BH', N'4747 Sparkle Blvd, Lexington, USA', '555-100-0060'),
(N'Toys Warehouse BI', N'4848 Shine Rd, Henderson, USA', '555-100-0061'),
(N'Toys Warehouse BJ', N'4949 Beam St, Stockton, USA', '555-100-0062'),
(N'Toys Warehouse BK', N'5050 Joy Ave, Saint Paul, USA', '555-100-0063'),
(N'Toys Warehouse BL', N'5151 Happy Blvd, Cincinnati, USA', '555-100-0064'),
(N'Toys Warehouse BM', N'5252 Fun Rd, St. Louis, USA', '555-100-0065'),
(N'Toys Warehouse BN', N'5353 Smile St, Pittsburgh, USA', '555-100-0066'),
(N'Toys Warehouse BO', N'5454 Laugh Ave, Greensboro, USA', '555-100-0067'),
(N'Toys Warehouse BP', N'5555 Cheer Blvd, Anchorage, USA', '555-100-0068'),
(N'Toys Warehouse BQ', N'5656 Glow Rd, Plano, USA', '555-100-0069'),
(N'Toys Warehouse BR', N'5757 Sparkle St, Lincoln, USA', '555-100-0070'),
(N'Toys Warehouse BS', N'5858 Shine Ave, Orlando, USA', '555-100-0071'),
(N'Toys Warehouse BT', N'5959 Beam Blvd, Irvine, USA', '555-100-0072'),
(N'Toys Warehouse BU', N'6060 Joy Rd, Newark, USA', '555-100-0073'),
(N'Toys Warehouse BV', N'6161 Happy St, Toledo, USA', '555-100-0074'),
(N'Toys Warehouse BW', N'6262 Fun Ave, Durham, USA', '555-100-0075'),
(N'Toys Warehouse BX', N'6363 Smile Blvd, Chula Vista, USA', '555-100-0076'),
(N'Toys Warehouse BY', N'6464 Laugh Rd, Fort Wayne, USA', '555-100-0077'),
(N'Toys Warehouse BZ', N'6565 Cheer St, Jersey City, USA', '555-100-0078'),
(N'Toys Warehouse CA', N'6666 Glow Ave, St. Petersburg, USA', '555-100-0079'),
(N'Toys Warehouse CB', N'6767 Sparkle Blvd, Laredo, USA', '555-100-0080'),
(N'Toys Warehouse CC', N'6868 Shine Rd, Madison, USA', '555-100-0081'),
(N'Toys Warehouse CD', N'6969 Beam St, Chandler, USA', '555-100-0082'),
(N'Toys Warehouse CE', N'7070 Joy Ave, Lubbock, USA', '555-100-0083'),
(N'Toys Warehouse CF', N'7171 Happy Blvd, Scottsdale, USA', '555-100-0084'),
(N'Toys Warehouse CG', N'7272 Fun Rd, Reno, USA', '555-100-0085'),
(N'Toys Warehouse CH', N'7373 Smile St, Glendale, USA', '555-100-0086'),
(N'Toys Warehouse CI', N'7474 Laugh Ave, Norfolk, USA', '555-100-0087'),
(N'Toys Warehouse CJ', N'7575 Cheer Blvd, Winston–Salem, USA', '555-100-0088'),
(N'Toys Warehouse CK', N'7676 Glow Rd, North Las Vegas, USA', '555-100-0089'),
(N'Toys Warehouse CL', N'7777 Sparkle St, Irving, USA', '555-100-0090'),
(N'Toys Warehouse CM', N'7878 Shine Ave, Chesapeake, USA', '555-100-0091'),
(N'Toys Warehouse CN', N'7979 Beam Blvd, Gilbert, USA', '555-100-0092'),
(N'Toys Warehouse CO', N'8080 Joy Rd, Hialeah, USA', '555-100-0093'),
(N'Toys Warehouse CP', N'8181 Happy St, Garland, USA', '555-100-0094'),
(N'Toys Warehouse CQ', N'8282 Fun Ave, Fremont, USA', '555-100-0095'),
(N'Toys Warehouse CR', N'8383 Smile Blvd, Richmond, USA', '555-100-0096'),
(N'Toys Warehouse CS', N'8484 Laugh Rd, Boise, USA', '555-100-0097'),
(N'Toys Warehouse CT', N'8585 Cheer St, Baton Rouge, USA', '555-100-0098'),
(N'Toys Warehouse CU', N'8686 Glow Ave, Des Moines, USA', '555-100-0099'),
(N'Toys Warehouse CV', N'8787 Sparkle Blvd, Spokane, USA', '555-100-0100');